<?xml version="1.0" encoding="utf-8"?>
<resources>
 <color name="orange">#ff5500</color>
 <color name="white">#ffffff</color>
 <color name="transparent">#00000000</color>
 <color name="date_color">#999999</color>
 <color name="black">#000000</color>
 <color name="gray">#999999</color>
 <color name="gray1">#EDEDED</color>
 <color name="blue">#0066cc</color>
 <color name="gold">#e6b121</color>
 <color name="blueback">#99FFFF</color>
 <color name="articlecolor">#3399FF</color> 
 <color name="article_title">#3399FF</color> 
 <color name="cachecolor">#8ad0e8</color>
 <color name="bg_app">#02a1e5</color>
 <color name="bg_list_app">#ccecfa</color>
 <color name="text_ep">#022881</color>
 <color name="text_color">#18b8d8</color>
 <color name="text_hint">#CCCCCC</color>
</resources>